ðŸ”Š Podcast,ðŸ“œ Transcript,timestamp
"{""path"": "".gradio/cached_examples/21/ Podcast/40eb468ec4ef1a2e35c8/tmpw0ap9lmu.mp3"", ""url"": ""/gradio_api/file=/private/var/folders/27/q960wwh51dzcbn80ls66w7k80000gn/T/gradio/630432006f6bdb18fb473e5d3b9d6ddfa7dccbc1a7f8265971d16efbfaaed830/tmpw0ap9lmu.mp3"", ""size"": null, ""orig_name"": ""tmpw0ap9lmu.mp3"", ""mime_type"": null, ""is_stream"": false, ""meta"": {""_type"": ""gradio.FileData""}}","**Host**: Hi everyone! Get ready for some super fun magic today!

**Dr. Tomas**: Hello Jane! Oh, I'm so excited to talk about words!

**Host**: Dr. Tomas, can computers really understand our words?

**Dr. Tomas**: They can! We give each word a special secret number code.

**Host**: A secret code? Like for spies?

**Dr. Tomas**: Exactly! These numbers help computers know what words mean.

**Host**: So, 'dog' and 'puppy' would have similar numbers?

**Dr. Tomas**: Yes! They're like best friends in the number world, you know?

**Host**: Can we play games with these numbers?

**Dr. Tomas**: Oh, totally! We can do magic puzzles with them!

**Host**: Wow! What about groups of words, like 'ice cream'?

**Dr. Tomas**: Ah, that's a super special group! It's one big idea.

**Host**: So, not just 'ice' and 'cream' separately?

**Dr. Tomas**: Nope! We taught computers that too. It's like a team!

**Host**: So, computers are getting super, super smart?

**Dr. Tomas**: Yep! They can understand our stories and questions better now.

**Host**: That's truly amazing! Thanks for sharing your word magic!

**Dr. Tomas**: My absolute pleasure, Jane! It's so much fun!

**Host**: Bye everyone! Keep exploring the magic of words!",2025-06-06 14:17:10.113808
"{""path"": "".gradio/cached_examples/21/ Podcast/b6dcdc56e5e9c6eae5e1/tmp3xu8ei5w.mp3"", ""url"": ""/gradio_api/file=/private/var/folders/27/q960wwh51dzcbn80ls66w7k80000gn/T/gradio/a8eae43a3eccb03352cf35213f329e7d47b2020d2128b16c0f5cfd4f75434b89/tmp3xu8ei5w.mp3"", ""size"": null, ""orig_name"": ""tmp3xu8ei5w.mp3"", ""mime_type"": null, ""is_stream"": false, ""meta"": {""_type"": ""gradio.FileData""}}","**Host**: Welcome, Dr. Chen! So excited to chat about Hugging Face. First, the name: what's the story?

**Dr. Alex Chen**: Thanks, Jane! It's a fun one. They actually started as a chatbot for teens, named after the ðŸ¤— emoji.

**Host**: Wait, a chatbot for teens? That's a huge pivot to AI tools! How on earth did that happen?

**Dr. Alex Chen**: Well, they open-sourced their chatbot model. And that's when they really saw the power of community.

**Dr. Alex Chen**: So, they pivoted to become the platform for machine learning development, you know?

**Host**: Ah, the open-source magic! So, was their 'Transformers' library the real game-changer?

**Dr. Alex Chen**: Oh, absolutely! The Transformers library became the go-to for natural language processing.

**Dr. Alex Chen**: It just made complex AI models so much more accessible for developers, which was huge.

**Host**: And the Hugging Face Hub, it's kind of like a GitHub for AI models, isn't it?

**Dr. Alex Chen**: Exactly! It's a central spot to share models, datasets, and even cool demo apps.

**Dr. Alex Chen**: This really fostered a huge, collaborative community around AI, which is amazing.

**Host**: So, their secret sauce is really making AI open and super collaborative?

**Dr. Alex Chen**: Precisely! They basically democratized AI, making powerful tools available to everyone.

**Dr. Alex Chen**: And this, of course, attracted major investments and partnerships, like AWS and Meta.

**Host**: Wow, that's just incredible! From a simple chatbot to a multi-billion dollar AI powerhouse!

**Dr. Alex Chen**: It truly shows the power of open-source and building a strong developer community.

**Host**: Dr. Chen, thank you so much for breaking down Hugging Face's amazing journey today!",2025-06-06 14:18:10.754045
"{""path"": "".gradio/cached_examples/21/ Podcast/abc1e77ab0684ed36241/tmpa9td2uh0.mp3"", ""url"": ""/gradio_api/file=/private/var/folders/27/q960wwh51dzcbn80ls66w7k80000gn/T/gradio/3b0d41753c42dac46c6248be72d8afd2b620781e3e101754275fcfccd5d4d17b/tmpa9td2uh0.mp3"", ""size"": null, ""orig_name"": ""tmpa9td2uh0.mp3"", ""mime_type"": null, ""is_stream"": false, ""meta"": {""_type"": ""gradio.FileData""}}","**Host**: Welcome back, everyone! Today, we're diving into a pop culture phenomenon.

**Host**: Our guest, Dr. Alex Chen, is here to unravel Taylor Swift's massive appeal.

**Dr. Alex Chen**: Hey Jane! It's wild, isn't it? Her popularity is truly something else.

**Dr. Alex Chen**: One big reason? Her songwriting. She tells these super personal stories.

**Host**: So, fans feel like they're reading her diary, almost?

**Dr. Alex Chen**: Totally! It builds this incredibly deep, relatable bond with listeners.

**Dr. Alex Chen**: Plus, she's musically a chameleon, from country to pop, folk, even rock!

**Host**: That versatility must keep things super fresh for her audience, right?

**Dr. Alex Chen**: Oh, absolutely! And her achievements? They're just mind-boggling.

**Dr. Alex Chen**: Think 14 Grammys, over 100 world records, and she's a billionaire!

**Host**: Seriously? That's insane! What about her connection with fans?

**Dr. Alex Chen**: Her re-recording albums to own her music really hit home with fans.

**Dr. Alex Chen**: And the Eras Tour? Blew past a billion dollars! Just epic.

**Host**: That's just wild! Her impact is truly off the charts.

**Dr. Alex Chen**: She's a master at connecting, evolving, and, well, just winning!

**Host**: So, it's her unique blend of relatability, talent, and business smarts.

**Host**: Thanks for breaking down the magic of Taylor Swift for us, Alex!",2025-06-06 14:19:05.637364
